{"cameraMode":{"drawMode":0,"name":"Shaded","section":"Shading Mode"},"sceneLighting":true,"audioPlay":false,"sceneViewState":{"showFog":false,"showMaterialUpdate":false,"showSkybox":false,"showFlares":false,"showImageEffects":false,"showParticleSystems":false},"in2DMode":false,"pivot":{"x":-14.464536666870118,"y":106.2265625,"z":789.0950927734375},"rotation":{"x":0.69411301612854,"y":-0.015113011933863163,"z":0.014578514732420445,"w":0.7195621132850647},"size":25.864639282226564,"orthographic":true}